text,category,date,link
"What If We Were All Family Generation Changers?. What if, in doing so, we won't just create new opportunities for ourselves, we'll also uncover ways to create new opportunities for our families that may not have otherwise existed? [Category: IMPACT, Date: 2014-06-20]",IMPACT,2014-06-20,https://www.huffingtonpost.com/entry/what-if-we-were-all-famil_b_5510958.html
"Firestorm At AOL Over Employee Benefit Cuts. It should have been a glorious week for AOL chief executive Tim Armstrong. His company’s quarterly earnings, announced Thursday [Category: BUSINESS, Date: 2014-02-08]",BUSINESS,2014-02-08,https://www.huffingtonpost.comhttp://www.washingtonpost.com/business/economy/aol-chief-ignites-firestorm-over-401k-cuts-and-distressed-babies-remark/2014/02/07/2116c03a-9012-11e3-b227-12a45d109e03_story.html
"Dakota Access Protesters Arrested As Deadline Passes To Depart Camp. A few protesters who refused to leave remained at the site Thursday. [Category: POLITICS, Date: 2017-02-22]",POLITICS,2017-02-22,https://www.huffingtonpost.com/entry/time-runs-out-at-main-dakota-access-pipeline-protest-camp_us_58acc6a9e4b04a0b274df548
"One Glimpse Of These Baby Kit Foxes And You'll Be Hooked.  [Category: GREEN, Date: 2014-05-14]",GREEN,2014-05-14,https://www.huffingtonpost.com/entry/one-glimpse-of-these-baby_n_5319015.html
"Mens' Sweat Pheromone, Androstadienone, Influences Cooperation In Other Men. Scientists didn't know if humans played that game as well. But in the last 30 years, they've identified both male and female [Category: SCIENCE, Date: 2013-06-02]",SCIENCE,2013-06-02,https://www.huffingtonpost.com/entry/mens-sweat-pheromone-cooperation_us_5baeb6f0e4b014374e2e5ae6
"Summer Sleepover Tips. Here are five ways to get some beauty sleep while hosting a sleepover for your child. [Category: PARENTING, Date: 2012-07-25]",PARENTING,2012-07-25,https://www.huffingtonpost.com/entry/sleepover_us_5b9c0b18e4b03a1dcc7bf30b
"End of the Year. For a moment, let yourself wonder -- and let your mind wander -- about what you've been a part of this year. All of these things, and more, are things that could offer you an opportunity to improve your performance. [Category: WELLNESS, Date: 2012-11-04]",WELLNESS,2012-11-04,https://www.huffingtonpost.com/entry/making-goals_us_5b9c788ee4b03a1dcc7ef3c9
"Maybe Colleges Should Take A Lesson From Zoos. By Michael Preston, UCF Forum columnist What would it take to create a more learning-efficient campus? What elements must [Category: SCIENCE, Date: 2017-05-10]",SCIENCE,2017-05-10,https://www.huffingtonpost.com/entry/maybe-colleges-should-take-a-lesson-from-zoos_us_591325eee4b0e070cad70a9b
"Supermodel Stephanie Seymour Does Sexy Photo Shoot...With Her Sons (PHOTO). In particular, Seymour remembers the way the boys used to dress her up. ""When they were little, they would lay out outfits [Category: STYLE & BEAUTY, Date: 2014-02-10]",STYLE & BEAUTY,2014-02-10,https://www.huffingtonpost.com/entry/stephanie-seymour-photo-sons_us_5b9ddb44e4b03a1dcc8dc9ec
"American Attitudes About Guns Have Become Much More Positive, But Why?. When I was a kid growing up in Washington, D.C. during the 1950s, my two favorite places to visit were the NRA Museum and [Category: POLITICS, Date: 2017-07-27]",POLITICS,2017-07-27,https://www.huffingtonpost.com/entry/american-attitudes-about-guns-have-become-much-more-positive-but-why_us_597a1afae4b02a8434b4cb25
"Carl Bernstein: No Way Is Clinton Email Investigation 'Bigger Than Watergate'. He said this news is in a ""different league."" [Category: POLITICS, Date: 2016-10-29]",POLITICS,2016-10-29,https://www.huffingtonpost.com/entry/carl-bernstein-clinton-emails_us_5814eeace4b0990edc31a2be
"NC Official Changes Stance On Pepper Spray In Trans-Friendly School Bathrooms (UPDATE). ""Perverts and pedophiles taking advantage of this law in bathrooms was my major concern,"" Chuck Hughes said. [Category: QUEER VOICES, Date: 2016-05-11]",QUEER VOICES,2016-05-11,https://www.huffingtonpost.com/entry/nc-school-official-wants-kids-to-carry-pepper-spray-in-trans-friendly-bathrooms_us_573259a1e4b016f378977bc0
"6 Tips That Could Help Your Student Loan Repayment. Finding ways to help save on your student loan repayment can save a lot of time and stress when managing your student loans. Take the time to clarify these commonly misunderstood repayment strategies. [Category: EDUCATION, Date: 2015-07-04]",EDUCATION,2015-07-04,https://www.huffingtonpost.com/entry/6-tips-that-could-help-yo_b_7725742.html
"North Korea's Racial Slur of President Obama Is Business as Usual. It's hardly the first time that some official or official source in North Korea has gotten caught with its racial dirty linen waving. The verbal war is the outcrop of the deep suspicion, distrust, antagonism, and confrontation that's characterized relations between the U.S. and North Korea for decades. [Category: BLACK VOICES, Date: 2014-12-28]",BLACK VOICES,2014-12-28,https://www.huffingtonpost.com/entry/north-koreas-slur-of-pres_b_6386960.html
"If This Isn't The Most Charming Way To Travel, We Don't Know What Is.  [Category: TRAVEL, Date: 2014-09-21]",TRAVEL,2014-09-21,https://www.huffingtonpost.com/entry/rachel-ryle-instagramming-the-world_n_5836508.html
"Why Women Stay in Bad Marriages. Few people ""want"" to get divorced. It can be incredibly difficult and painful. As a result, an extraordinary amount of women remain in marriages that are unhealthy and even border on dysfunctional. [Category: DIVORCE, Date: 2013-10-14]",DIVORCE,2013-10-14,https://www.huffingtonpost.com/entry/why-women-stay-in-bad-mar_us_5b9d9799e4b03a1dcc89e7ed
"As France Prepares for Marriage Equality, Opponents Warn of Civil Strife. The French people strongly endorse same-sex marriage, and support for the right of married gay and lesbian couples to adopt children sits just shy of 50 percent. But the push for equality in France has an ugly underbelly. [Category: QUEER VOICES, Date: 2013-04-14]",QUEER VOICES,2013-04-14,https://www.huffingtonpost.com/entry/grance-gay-marriage_us_5bafb43de4b0ad769260647b
"What You Need To Know About Happiness And Depression. Thanks to the research of Rottenberg and others, however, we are beginning to discover that many of our previous assumptions about depression are dead wrong. Here's what we're learning. [Category: HEALTHY LIVING, Date: 2015-02-07]",HEALTHY LIVING,2015-02-07,https://www.huffingtonpost.com/entry/happiness-depression_b_6609116.html
"Biden, Putin To Hold Call Over Stepped Up Security Demands. President Joe Biden and Vladimir Putin will speak Thursday as the Russian leader has stepped up his demands for security guarantees in Eastern Europe. [Category: POLITICS, Date: 2021-12-29]",POLITICS,2021-12-29,https://www.huffpost.com/entry/bc-us-biden-putin-call_n_61cc9fcce4b04b42ab70dffd
"Is The Anna Dello Russo For H&M Hat Practical For Everyday Wear? (VIDEO, POLL). It takes a special kind of girl to sport a stuffed bird hat. [Category: STYLE & BEAUTY, Date: 2012-10-22]",STYLE & BEAUTY,2012-10-22,https://www.huffingtonpost.com/entry/anna-dello-russo-hm-hat-video_us_5b9c6b7de4b03a1dcc7e8152
"The Egg Gadgets That Will Make Your Mornings Easier. We all deserve a little ease with our breakfast. [Category: TASTE, Date: 2016-09-30]",TASTE,2016-09-30,https://www.huffingtonpost.com/entry/egg-cooking-gadgets_us_57ed2c11e4b024a52d2d3139
"Watchdogs Fear Sequester's Bite: 'We Can't Do The Things We're Here To Do'. The federal government's Wall Street watchdogs will feel the pinch of sequestration if Washington lawmakers cannot strike [Category: BUSINESS, Date: 2013-02-23]",BUSINESS,2013-02-23,https://www.huffingtonpost.comhttp://thehill.com/blogs/on-the-money/banking-financial-institutions/284461-wall-street-watchdogs-will-feel-sequesters-bite-
"18 Injured When Hong Kong Escalator Suddenly Reverses At High Speed. Two mechanics have been arrested in connection with the incident. [Category: THE WORLDPOST, Date: 2017-03-27]",THE WORLDPOST,2017-03-27,https://www.huffingtonpost.com/entry/hong-kong-escalator-reversing_us_58d90d28e4b03692bea7ab96
"Trump To Get Outside Help For Potential GOP Convention Battle. Donald Trump has a Plan B if he's faced with a contested convention, and it involves the sort of outside groups that he's [Category: POLITICS, Date: 2016-05-01]",POLITICS,2016-05-01,https://www.huffingtonpost.comhttp://abcnews.go.com/Politics/wireStory/trump-potential-gop-convention-battle-38796105
"Blended Family Friday: Meet Anessa And Keith's Family. As part of our Blended Family Friday series, each week we're spotlighting a different stepfamily to learn how they successfully [Category: DIVORCE, Date: 2013-05-03]",DIVORCE,2013-05-03,https://www.huffingtonpost.com/entry/blended-family-friday_us_5b9d2005e4b03a1dcc84accd
"Meet The New President Of The Berggruen Institute. Sociologist Craig Calhoun discusses getting into trouble as a kid, talking to strangers and what it means to be American. [Category: THE WORLDPOST, Date: 2016-04-29]",THE WORLDPOST,2016-04-29,https://www.huffingtonpost.comhttp://www.zocalopublicsquare.org/2016/04/28/meet-the-new-president-of-l-a-s-berggruen-institute/personalities/in-the-green-room/
"Kardashian Kurves Contest Launches Sisters' Plus-Size Denim Line. See Kim's kurvy style through the years: Finally, a Kardashian venture we're (somewhat) excited about. So what does it take [Category: STYLE & BEAUTY, Date: 2012-07-27]",STYLE & BEAUTY,2012-07-27,https://www.huffingtonpost.com/entry/kardashian-kurves-contest-plus-size_us_5b9c0d85e4b03a1dcc7c06fe
"This Episode Of 'SNL' Will Have EVERYTHING.  [Category: COMEDY, Date: 2014-09-17]",COMEDY,2014-09-17,https://www.huffingtonpost.com/entry/bill-hader-hosting-snl-saturday-night-live_n_5836756.html
"Obama Administration Offers Desperately Needed Help For People Addicted To Opioids. HHS lays out its plan to raise the patient cap for doctors prescribing addiction medication. [Category: POLITICS, Date: 2016-03-29]",POLITICS,2016-03-29,https://www.huffingtonpost.com/entry/opioid-addiction-patient-limits-suboxone_us_56f9aa0be4b0143a9b491020
"Talking While Making Left Turns Is Distracting, Study Finds. According to government statistics on distracted driving, cell phones are behind 18 percent of U.S. distraction-related deaths [Category: WELLNESS, Date: 2013-02-28]",WELLNESS,2013-02-28,https://www.huffingtonpost.com/entry/left-turns-talking-distracting-distracted-driving_us_5b9cde08e4b03a1dcc82904f
"The Wildest Celeb Halloween Costumes. From Heidi Klum's legendary costumes for her annual fete to Roberto Cavalli done up as Karl Lagerfeld, here's proof that big personalities, big costume budgets, and big Halloween parties yield some truly amazing, and amazingly bizarre results. [Category: STYLE & BEAUTY, Date: 2013-10-08]",STYLE & BEAUTY,2013-10-08,https://www.huffingtonpost.com/entry/celeb-halloween-costumes_us_5b9d9406e4b03a1dcc89bf0c
"World Leaders Join Crowd Of Over A Million For National Unity March In Paris.  [Category: WORLDPOST, Date: 2015-01-11]",WORLDPOST,2015-01-11,https://www.huffingtonpost.com/entry/charlie-hebdo-rally_n_6451286.html
"As Long as There Is (American) Sitcom. No matter how TV has changed and will change again over the years, if there is a genre that has no need to reinvent itself, that genre is comedy. The only thing that a good comedy really needs is a small, cozy room full of great and enthusiast writers. [Category: ENTERTAINMENT, Date: 2015-04-19]",ENTERTAINMENT,2015-04-19,https://www.huffingtonpost.com/entry/as-long-as-there-is-american-sitcom_b_7092566.html
"Toxic Gas Dropped On Syrian Town Where Russian Helicopter Shot Down, Rescuers Say. A spokesman for Syria Civil Defence said 33 people, mostly women and children, were affected by the gas in Saraqeb. [Category: THE WORLDPOST, Date: 2016-08-02]",THE WORLDPOST,2016-08-02,https://www.huffingtonpost.com/entry/syria-toxic-gas-attack_us_57a06263e4b0e2e15eb70bd7
"How Raising An Introvert Made Me A Better Educator. This article first appeared on QuietRev.com Heidi Kasevich is Quiet Revolution’s Director of Quiet Education, leading the [Category: HEALTHY LIVING, Date: 2016-04-14]",HEALTHY LIVING,2016-04-14,https://www.huffingtonpost.com/entry/how-raising-an-introvert-made-me-a-better-educator_us_56d8760ce4b0000de4039b9d
"Prince George Doll Is Almost Too Lifelike... (PHOTOS). However, if porcelain dolls are really your thing, you can get your own delicate Georgie for just $149.99. Will you buy one [Category: STYLE & BEAUTY, Date: 2013-12-13]",STYLE & BEAUTY,2013-12-13,https://www.huffingtonpost.com/entry/prince-george-doll_us_5b9db76be4b03a1dcc8bec08
"Pfizer, Allergan Scrap $160 Billion Merger Over Tax Loophole Pressure. The announcement followed the unveiling of new U.S. Treasury rules on Monday aimed at curbing such deals. [Category: BUSINESS, Date: 2016-04-06]",BUSINESS,2016-04-06,https://www.huffingtonpost.com/entry/pfizer-allergan-scrap-160-billion-merger_us_5704edede4b0537661882620
"Activist Hopes Public Suicide Leads To More Awareness. ANCHORAGE, Alaska (AP) — An Alaska suicide-prevention activist is hoping a man's very public suicide at an Alaska Native [Category: HEALTHY LIVING, Date: 2015-10-20]",HEALTHY LIVING,2015-10-20,https://www.huffingtonpost.com/entry/activist-urges-for-more-awareness-after-suicide-convention_us_562643c0e4b02f6a900dc903
"Most New Yorkers Aren't Freaking Out About Ebola, So You Shouldn't Either.  [Category: HEALTHY LIVING, Date: 2014-10-24]",HEALTHY LIVING,2014-10-24,https://www.huffingtonpost.com/entry/ebola-new-york-city_n_6041536.html
"14 Rose Gold Beauty Products That'll Make You Look Like 24 Karats. Get your shine on. [Category: STYLE, Date: 2016-08-02]",STYLE,2016-08-02,https://www.huffingtonpost.com/entry/14-rose-gold-beauty-products-thatll-make-you-look-like-24-karats_us_579f918ce4b08a8e8b5ed8df
"Record $15 Million Gift Will Help Free Innocent People From Prison. The donation to the Ohio Innocence Project is believed to be the largest donation to any program of its kind. [Category: POLITICS, Date: 2016-09-13]",POLITICS,2016-09-13,https://www.huffingtonpost.com/entry/ohio-innocence-project_us_57d6cd59e4b03d2d459b7619
"An Apple a Day ... Takes Your Barbecue to the Next Level! Plus, the Three Best BBQ Sauce Recipes to Try Now. October is National Apple Month. Let's celebrate the contributions this storied fruit has made to American barbecue. [Category: FOOD & DRINK, Date: 2013-10-11]",FOOD & DRINK,2013-10-11,https://www.huffingtonpost.com/entry/bbq-sauce-recipes_us_5b9d977ee4b03a1dcc89e4de
"Top 5 Tastes: Stone Fruit, Seafood and Everything in Between. I consider myself extremely lucky to be able to eat at high class spots, hole in the wall joints, and everywhere in between on a regular basis (and to the immense detriment of my financial funds). [Category: FOOD & DRINK, Date: 2013-08-14]",FOOD & DRINK,2013-08-14,https://www.huffingtonpost.com/entry/top-5-tastes-stone-fruit_us_5b9d6ee5e4b03a1dcc87efd8
"James Clapper Calls Trump's Bin Laden Criticism A 'Slam At The Intelligence Community'. The president thinks retired Navy Adm. William McRaven should have brought Osama bin Laden to justice sooner. [Category: POLITICS, Date: 2018-11-20]",POLITICS,2018-11-20,https://www.huffpost.com/entry/james-clapper-trump-bin-laden_n_5bf3f065e4b01909c80938d5
"Donald Trump Says He Fired FBI Director Because He Wasn't 'Doing A Good Job'. He weighed in on James Comey's ouster while meeting with Henry Kissinger. [Category: POLITICS, Date: 2017-05-10]",POLITICS,2017-05-10,https://www.huffingtonpost.com/entry/trump-fbi-director-comey_us_5913321ee4b0a58297e16ec3
"Mark Hamill Rips His Role In 'Last Jedi': 'He's Not My Luke Skywalker'. The actor dishes on his creative differences with director Rian Johnson. [Category: ENTERTAINMENT, Date: 2017-12-22]",ENTERTAINMENT,2017-12-22,https://www.huffingtonpost.com/entry/mark-hamill-last-jedi-luke-skywalker_us_5a3cf644e4b025f99e16864d
"Meningitis Outbreak Is 'Nowhere Near The End,' Expert Says. SUSPECT LOTS The FDA said its investigation of that patient and the two who received the heart drug during surgery was ongoing [Category: WELLNESS, Date: 2012-10-16]",WELLNESS,2012-10-16,https://www.huffingtonpost.com/entry/meningitis-outbreak-nowhere-near-end-wiliam-schaffner_us_5b9c69e6e4b03a1dcc7e74af
"Is Your Outdated Career Map Leading You Astray?. If you have been tending to your career lovingly for many years, you will be able to visit your career map in light of this new discovery, decide what on the map still resonates with you and what doesn't (even massive changes will carry some elements of your ""old life"" into the new), and chart a new course. [Category: BUSINESS, Date: 2015-05-09]",BUSINESS,2015-05-09,https://www.huffingtonpost.com/entry/is-your-outdated-career-m_b_7245648.html
"Holiday Gift Bags vs. Wrapping Paper. Everyone has their holiday pet peeves. [Category: HOME & LIVING, Date: 2012-12-03]",HOME & LIVING,2012-12-03,https://www.huffingtonpost.com/entry/holiday-gift-bags-wrapping-paper_us_5b9c92c9e4b03a1dcc7ff2a9
"Pour Out A Lil' Liquor For The NFL's Diva Recievers. Six years ago, the Bengals opened up their season at Paul Brown Stadium against the Ravens. It was also Monday Night Football [Category: BLACK VOICES, Date: 2013-09-21]",BLACK VOICES,2013-09-21,https://www.huffingtonpost.comhttp://www.theshadowleague.com/articles/pour-out-a-lil-liquor-for-the-nfl-s-diva-receiver-era
"11-Year-Old Running Half Marathon to Save the Wolves. By the time August rolls around he'll start adding some progressively longer runs each weekend to build up his endurance. He's hoping to run like a wolf tracking its prey over long distances: calm, easy, and patient until the end. [Category: IMPACT, Date: 2015-04-23]",IMPACT,2015-04-23,https://www.huffingtonpost.com/entry/11-year-old-running-half-marathon-to-save-the-wolves_b_7110252.html
"The Tipsy Hostess' Guide To Moving, If You Absolutely Must (GIFs). Your martini shaker, for instance, is the last thing you should pack. [Category: HOME & LIVING, Date: 2013-06-01]",HOME & LIVING,2013-06-01,https://www.huffingtonpost.com/entry/the-tipsy-hostess-guide-to-moving_us_5b9d2c7de4b03a1dcc852a57
"Taxes Nightmare For Homesellers Few Understand. The foreclosure mess due to the economic downturn has left many homeowners facing devastating taxes, even after they sell a house in a foreclosure or short sale or one that is underwater, so they earn little, nothing, or sell the home at a loss. [Category: HOME & LIVING, Date: 2013-07-09]",HOME & LIVING,2013-07-09,https://www.huffingtonpost.com/entry/taxes-nightmare-for-homes_us_5b9d55aee4b03a1dcc86c55d
"Marco Rubio Forced To Say How High He'd Raise Social Security's Retirement Age. The current retirement age for full Social Security benefits is 67 for people born in 1960 and after. [Category: POLITICS, Date: 2016-03-11]",POLITICS,2016-03-11,https://www.huffingtonpost.com/entry/marco-rubio-social-security_us_56e230abe4b065e2e3d5781d
"Fearless Girl, Meet Righteous Brother. She’s “standing up to injustice,” in the eyes of New York City’s mayor. Meanwhile, a territorial artist claims that she’s [Category: POLITICS, Date: 2017-04-17]",POLITICS,2017-04-17,https://www.huffingtonpost.com/entry/fearless-girl-meet-righteous-brother_us_58f4a826e4b048372700d9c5
"How to Be Intimate Again After Loss. If the answer is yes: Thank you for taking the first step towards living again. But how could I love again and feel alive [Category: WELLNESS, Date: 2013-10-28]",WELLNESS,2013-10-28,https://www.huffingtonpost.com/entry/intimacy-after-loss_us_5b9d9e96e4b03a1dcc8a5502
"The Strange Link Between Eye Color And Alcohol Abuse. Agata Blaszczak-Boxe, Contributing Writer   |   July 08, 2015 07:44pm ET  People with light-colored eyes may have a higher [Category: HEALTHY LIVING, Date: 2015-07-14]",HEALTHY LIVING,2015-07-14,https://www.huffingtonpost.com/entry/people-with-this-eye-color-are-at-higher-risk-of-alcoholism_us_55a3daa6e4b0b8145f730811
"Trolltunga, Norway Is The Scariest Instagram Spot On Earth. Wanna climb (and Instagram) Trolltunga too? Get more info here. Crazy hikers make the four-hour trek to Trolltunga for the [Category: TRAVEL, Date: 2013-11-16]",TRAVEL,2013-11-16,https://www.huffingtonpost.com/entry/trolltunga_us_5b9da879e4b03a1dcc8af447
"Nonagenarians Ditch Dating Apps, Go On Blind Date At Bookstore. No Tinder was involved! [Category: GOOD NEWS, Date: 2016-04-20]",GOOD NEWS,2016-04-20,https://www.huffingtonpost.com/entry/nonagenarians-go-on-blind-date-at-bookstore-ditch-the-dating-apps_us_5717ccb4e4b0479c59d6c328
"Parkour Vaults From The Urban Jungle To Soft, Indoor Gyms. ""We're not just a gym, we're an educational facility,"" said Ryan Ford, co-owner and instructor at Apex Movement, a Boulder [Category: WELLNESS, Date: 2013-10-07]",WELLNESS,2013-10-07,https://www.huffingtonpost.com/entry/parkour-gym-soft-indoor_us_5b9d9393e4b03a1dcc89ba2d
"7 Ways to Practice Mindfulness in the Technology Age. Technology is here to stay.  Why not embrace it and use it to raise our levels of presence?  We can do this by tuning into our breath, our feelings and bodily sensations.  This lets us know how we are relating to technology in the moment. [Category: WELLNESS, Date: 2013-01-14]",WELLNESS,2013-01-14,https://www.huffingtonpost.com/entry/technology-meditation_us_5b9cb4aee4b03a1dcc810f95
"Judge Dismisses Kesha's Abuse Claims Against Dr. Luke. The pop star can continue to litigate her contract dispute with her producer and Sony Music Entertainment. [Category: ENTERTAINMENT, Date: 2016-04-07]",ENTERTAINMENT,2016-04-07,https://www.huffingtonpost.com/entry/kesha-dr-luke-lawsuit_us_5705a132e4b053766188b636
"New Jersey Mountain Home Is Pretty Much Its Own Resort (PHOTOS). Have something to say? Check out HuffPost Home on Twitter, Facebook, Pinterest, Tumblr and Instagram. ** This single-level [Category: HOME & LIVING, Date: 2013-07-26]",HOME & LIVING,2013-07-26,https://www.huffingtonpost.com/entry/new-jersey-mountain-home_us_5b9d6205e4b03a1dcc874fe9
"Joseph Gordon Levitt & 'Don Jon's Addiction': Actor's Latest Project Is Raunchy. Julianne Moore plays the film's most unexpected character, a middle-aged pot-smoking student at the night school Barbara [Category: ENTERTAINMENT, Date: 2013-01-19]",ENTERTAINMENT,2013-01-19,https://www.huffingtonpost.com/entry/joseph-gordon-levitt-don-jons-addiction_us_5bb41302e4b066f8d2545166
"Fashion Week Live Blog: Everything That's Happening At Day 4 Of NYFW Fall 2014. Yeah, we know it's Sunday, but more importantly, it's Day 4 of New York Fashion Week. If you're having a hard time keeping [Category: STYLE & BEAUTY, Date: 2014-02-09]",STYLE & BEAUTY,2014-02-09,https://www.huffingtonpost.com/entry/fashion-week-live-blog_us_5b9dd35ee4b03a1dcc8d62d8
"Bob Woodward's Problems With Hillary Clinton Definitely Aren't Sexist, No Sir. He just wishes she would stop shouting. [Category: MEDIA, Date: 2016-02-03]",MEDIA,2016-02-03,https://www.huffingtonpost.com/entry/bob-woodward-hillary-clinton_us_56b21b55e4b08069c7a59b98
"Hotel Suites Good Enough For The President (PHOTOS). The commander-in-chief checks in and out of rooms across the globe, but only a few stateside properties have made the White House staff repeat customers -- check out these 13 hotels fit for a president. [Category: TRAVEL, Date: 2012-09-21]",TRAVEL,2012-09-21,https://www.huffingtonpost.com/entry/hotel-suites-good-enough_us_5b9c4fb6e4b03a1dcc7db8b9
"John Corbett, Actor From 'Sex And The City,' Looks Very Different (PHOTOS). John's blonde hair, soul patch and mustache are quite a far cry from Aidan's low-maintenance vibe. What would Carrie think [Category: STYLE & BEAUTY, Date: 2013-05-10]",STYLE & BEAUTY,2013-05-10,https://www.huffingtonpost.com/entry/john-corbett-actor-sex-and-the-city_us_5b9d26ade4b03a1dcc84ecd6
"Michelle Duggar: 'Each Child Is A Gift From God'. She says their daughter, Jill, gets it completely. ""When you have more people in the family, there is that many more people [Category: PARENTING, Date: 2013-10-11]",PARENTING,2013-10-11,https://www.huffingtonpost.com/entry/19-kids-and-counting_us_5b9d9402e4b03a1dcc89be9e
"HUFFPOLLSTER: Weekend Polls Show Hillary Clinton Leading An Increasingly Tight Race. One big question is how much voter enthusiasm will matter. [Category: POLITICS, Date: 2016-09-12]",POLITICS,2016-09-12,https://www.huffingtonpost.com/entry/polls-clinton-leading-tight-race_us_57d69c87e4b00642712e3896
"Packers Block Punt, Ravens Get First Down Out Of It (GIF). Usually, it's a good thing when a team blocks a punt. But wasn't the case when the Packers blocked a punt from Ravens punter [Category: SPORTS, Date: 2013-10-13]",SPORTS,2013-10-13,https://www.huffingtonpost.com/entry/packers-block-punt-ravens-first-down-gif_us_5bb715cde4b097869fd42135
"Friday Talking Points -- Liar, Liar!. President Donald Trump and former F.B.I. chief James Comey engaged this week in an extended game of ""Liar, liar!"" Or, more [Category: POLITICS, Date: 2017-06-10]",POLITICS,2017-06-10,https://www.huffingtonpost.com/entry/friday-talking-points-liar-liar_us_593b465be4b094fa859f1875
"RMS St. Helena, Last of the Storied Royal Mail Ships:  Getting Really, Truly, Terminally Away From It All on the Looney Front (Part 3). Once they proudly sailed the seven seas, mighty traveling hotels, carrying both passengers and cargo to the furthest outposts of the British Empire, earning their prestigious title of RMS (Royal Mail Ship) by dint of carrying His or Her Britannic Majesty's mail to his or her farthest-flung subjects. [Category: TRAVEL, Date: 2014-12-15]",TRAVEL,2014-12-15,https://www.huffingtonpost.com/entry/rms-st-helena-last-of-the_b_6281038.html
"10 Worst Provisions In The Republican Appropriations Bill. Last week, Democratic leaders in Congress negotiated with President Trump to ensure that our government stays fully funded [Category: POLITICS, Date: 2017-09-14]",POLITICS,2017-09-14,https://www.huffingtonpost.com/entry/10-worst-provisions-in-the-republican-appropriations_us_59ba9215e4b0390a1564db62
"The Best Hotel Coffee Bars Across The U.S. (PHOTOS). We've found five of the best hotel coffee bars across the states so you can get that jolt you need without having to leave your hotel. [Category: TRAVEL, Date: 2012-10-29]",TRAVEL,2012-10-29,https://www.huffingtonpost.com/entry/the-best-hotel-coffee-bars_us_5b9c6ee0e4b03a1dcc7e97b2
"The Battle of Identities and Presidential Elections in the Arab Region.  [Category: WORLDPOST, Date: 2014-04-18]",WORLDPOST,2014-04-18,https://www.huffingtonpost.com/entry/the-battle-of-identities_b_5171526.html
"Chipotle's Paid Sick Leave Has Nothing To Do With Its Food Safety Crisis. It's still a great move, though. [Category: BUSINESS, Date: 2016-01-21]",BUSINESS,2016-01-21,https://www.huffingtonpost.com/entry/chipotle-paid-sick-leave_us_56a11964e4b076aadcc582fa
"Dylan, Autism and the Butterfly Effect. Is it unreasonable to imagine that a child or children in one part of the world may be helped, simply because one person in another part of the world decided to run a few miles? [Category: IMPACT, Date: 2015-04-06]",IMPACT,2015-04-06,https://www.huffingtonpost.com/entry/dylan-autism-and-the-butterfly-effect_b_7000056.html
"Funky Freebies And Looney Loaners: The 7 Most Interesting Amenities We've Seen (PHOTOS). When you're shelling out hard-earned cash for your hotel room, it's nice when the hotel recognizes that and throws in some perks ""just because."" [Category: TRAVEL, Date: 2013-04-04]",TRAVEL,2013-04-04,https://www.huffingtonpost.com/entry/most-interesting-hotel-amenities_us_5b9cd6cbe4b03a1dcc824c27
"You Don't Need Rose-Colored Glasses: 5 Realistic Tips to Be More Positive. I used to look at people like that with a mixture of admiration and annoyance. Then one day I asked myself, what are they doing that is different? [Category: BUSINESS, Date: 2015-07-01]",BUSINESS,2015-07-01,https://www.huffingtonpost.com/entry/you-dont-need-rosecolored_b_7701686.html
"Uber, Waymo Reach Settlement In Bitter Legal Dispute. Uber had been accused of stealing trade secrets from Waymo. [Category: BUSINESS, Date: 2018-02-09]",BUSINESS,2018-02-09,https://www.huffingtonpost.com/entry/uber-waymo-settlement_us_5a7dc809e4b044b3821ccbc7
"Scott Pruitt Got 24/7 Security From Day 1 At EPA, New Documents Show. The EPA had justified Pruitt's expensive security as a response to threats. New emails appear to cast further doubt on the claim. [Category: POLITICS, Date: 2018-05-15]",POLITICS,2018-05-15,https://www.huffingtonpost.com/entry/scott-pruitt-security-epa_us_5afaaee1e4b0200bcab89d80
"Romantic Honeymoon Hotels around the World (PHOTOS). Honeymoons must be two things: romantic and memorable. Any old trip to the beach is simply not going to suffice for a couple's post-nuptial getaway. [Category: TRAVEL, Date: 2013-03-24]",TRAVEL,2013-03-24,https://www.huffingtonpost.com/entry/romantic-honeymoon-hotels_us_5b9cf542e4b03a1dcc834709
"An Honest Customs Declaration Form. Whether you're traveling with immediate family members or not, you'd better fill out at least three or four extra copies [Category: TRAVEL, Date: 2012-06-20]",TRAVEL,2012-06-20,https://www.huffingtonpost.com/entry/an-honest-customs-declaration-form_us_5b9bdecde4b03a1dcc7adcae
"Easter Cheese Crescia. I collected this recipe from scraps found in my grandma's old notebook, which had been buried in a closet for several years. [Category: TASTE, Date: 2014-04-18]",TASTE,2014-04-18,https://www.huffingtonpost.com/entry/easter-cheese-crescia_b_5170747.html
"5 Boutique Hotels With Sex Appeal (PHOTOS). We picked our favorite boutiques that have all the necessary trappings for romance. [Category: TRAVEL, Date: 2013-02-27]",TRAVEL,2013-02-27,https://www.huffingtonpost.com/entry/5-boutique-hotels-sexy_us_5b9cdcb9e4b03a1dcc82833c
"One Formula to Lead and Live Better: 75+/25-. We've all heard about the ""power of positive thinking,"" but flick on the news, and you'll see the world seems to prefer tuning in to the negative most of the time.  Where's the good stuff? The answer: It's everywhere.  It's free of charge, too. [Category: BUSINESS, Date: 2014-09-18]",BUSINESS,2014-09-18,https://www.huffingtonpost.com/entry/one-formula-to-lead-and-l_b_5844908.html
"Chris Hayes Demands Donald Trump Resign With Damning Review Of His Presidency. It is “an urgent matter of public health” that Trump quits, the MSNBC host said. [Category: POLITICS, Date: 2020-06-27]",POLITICS,2020-06-27,https://www.huffpost.com/entry/chris-hayes-donald-trump-resign-coronavirus-pandemic_n_5ef6e9c7c5b6acab2841f81f
"Naked Drunk Driver Crashes Car While Having Sex At The Wheel, Police Say. An infant was in the vehicle's backseat at the time, according to authorities. [Category: CRIME, Date: 2017-11-25]",CRIME,2017-11-25,https://www.huffingtonpost.com/entry/naked-man-crashes-car-sex-la-grande-washington_us_5a19574fe4b0d4906caf01b1
"Vaccine of Hope. ""We have developed a vaccine to prevent breast cancer!""  No, you're not seeing things. These were the exact words expressed by Dr. Vincent Tuohy, immunologist at the Cleveland Clinic, who announced the development of his breakthrough breast cancer vaccine earlier this month. [Category: WELLNESS, Date: 2013-04-30]",WELLNESS,2013-04-30,https://www.huffingtonpost.com/entry/breast-cancer-vaccine_us_5b9d10f5e4b03a1dcc843bd6
"Patricia Smith Sentenced To 78 Months After Embezzling More Than $10 Million. Steven Balmer, in a report for Traveler's Insurance, explains, ""Employees may be motivated by events going on in their own [Category: MONEY, Date: 2012-06-21]",MONEY,2012-06-21,https://www.huffingtonpost.com/entry/patricia-smith-embezzlement-acura_us_5b9be152e4b03a1dcc7aeeb4
"Dustin Lance Black Has Great Reply After Being Told Two Men Shouldn't Raise Kids. The Oscar winner stayed calm, cool and collected. [Category: QUEER VOICES, Date: 2018-04-02]",QUEER VOICES,2018-04-02,https://www.huffingtonpost.com/entry/dustin-lance-black-surrogacy-response_us_5ac242b1e4b0f112dc9de8f9
"Noah Syndergaard Just Sent A Trump-Bashing Tweet About Hurricanes. ""Stick to baseball,"" one commenter sniped. [Category: SPORTS, Date: 2017-09-19]",SPORTS,2017-09-19,https://www.huffingtonpost.com/entry/noah-syndergaard-trump-hurricanes_us_59c0e998e4b087fdf507ba5c
"Cadbury Eggs vs. Peeps: Which Is Better? (POLL). This is not so much a question of which came first, but more so of which is better -- the chick(en) or the egg? We're not [Category: FOOD & DRINK, Date: 2012-04-06]",FOOD & DRINK,2012-04-06,https://www.huffingtonpost.com/entry/cadbury-eggs-vs-peeps_us_5b9b89cae4b03a1dcc7870fa
"Floyd Mayweather Jr.'s Girlfriend: Miss Shantel Jackson Wears Revealing Dress To Fight (VIDEO). WATCH VIDEO ABOVE Of course, it is a previous flame of Floyd's that will have him back in the headlines in a few weeks. Mayweather [Category: SPORTS, Date: 2012-05-06]",SPORTS,2012-05-06,https://www.huffingtonpost.com/entry/floyd-mayweather-girlfriend-miss-shantel-jackson-video_us_5bb6a0fae4b097869fd2043e
"Festive Foods: What The World Eats At The Holidays. Celebration is in the air around the world as the year comes to an end. And with every family gathering, religious ritual [Category: TRAVEL, Date: 2012-12-18]",TRAVEL,2012-12-18,https://www.huffingtonpost.comhttp://www.fodors.com/news/holiday-foods-around-the-world-6267.html?ref=twt_fd_huffpo6267
"Saudi Crapshoot in Yemen. While all eyes are on Syria and Iraq, another intervention is taking place in Yemen. The coalition involved here is more of an understanding than a military pact, but it is proving to be just as effective. [Category: WORLDPOST, Date: 2014-09-28]",WORLDPOST,2014-09-28,https://www.huffingtonpost.com/entry/saudi-high-risk-bet-in-ye_b_5895984.html
"'Say Yes To The Dress' Is Addictive Even Though I Am Already Married. This summer, I have spent more hours than I care to count watching Say Yes to the Dress""  even though I am not getting married,and if I were, the likelihood of me spending several thousand dollars on a dress is pretty nil. So, I feel as if I am a surprising audience for this TV show that centers around extravagant wedding gowns. [Category: STYLE & BEAUTY, Date: 2012-07-23]",STYLE & BEAUTY,2012-07-23,https://www.huffingtonpost.com/entry/say-yes-to-the-dress-watching-tv_us_5b9c0460e4b03a1dcc7bc9fb
"9 Cheeses We Would Happily Marry, If That Was Allowed. In sickness, and in health, for the rest of our lives. [Category: FOOD & DRINK, Date: 2013-10-10]",FOOD & DRINK,2013-10-10,https://www.huffingtonpost.com/entry/cheese-marry_us_5b9d96bee4b03a1dcc89d90d
"Paula Deen: Weight Loss Was A Family Affair. Together, the four have lost 178 pounds total. Deen's husband, Michael Groover, is down 60 pounds, according to People, while [Category: WELLNESS, Date: 2013-01-24]",WELLNESS,2013-01-24,https://www.huffingtonpost.com/entry/paula-deen-weight-loss-family_us_5b9cbfd0e4b03a1dcc8177c1
"Big Pharma Says It Offers Cheap Vaccines For Refugees, But It’s Not Completely True. Doctors Without Borders is petitioning Pfizer and GlaxoSmithKline to lower the prices on the shots. [Category: IMPACT, Date: 2016-08-05]",IMPACT,2016-08-05,https://www.huffingtonpost.com/entry/pharmaceutical-companies-are-price-gouging-vaccines-for-refugees-aid-group_us_57a3950ee4b03ba68011b5a1
"'Milk In My Sippy Cup': Pint-Sized Kid Stars In Adorable Rap Video. A little boy in a striped shirt, a blue hat, and loose-fitting pants potters around his yard, playing with a yellow ball [Category: PARENTING, Date: 2012-06-19]",PARENTING,2012-06-19,https://www.huffingtonpost.com/entry/milk-in-my-sippy-cup-kid-rap_us_5b9bdee6e4b03a1dcc7add3c
"Recordings Released From The Day Michael Brown Was Shot.  [Category: BLACK VOICES, Date: 2014-11-15]",BLACK VOICES,2014-11-15,https://www.huffingtonpost.com/entry/darren-wilson-video-radio_n_6161930.html
"Customer Gives Mega Tip So Single Dad Can Get Dental Work, Reason To Smile.  [Category: GOOD NEWS, Date: 2015-03-10]",GOOD NEWS,2015-03-10,https://www.huffingtonpost.com/entry/brian-maixner-kansas-diner_n_6833460.html
"Ex-Sheriff David Clarke Faces Trial Over Facebook Taunts Against Plane Passenger. A federal judge said Clarke's posts were an issue of possible ""First Amendment retaliation."" [Category: POLITICS, Date: 2018-01-07]",POLITICS,2018-01-07,https://www.huffingtonpost.com/entry/david-clarke-facebook-taunts-trial_us_5a515d3be4b003133ec85026
"New Poll Shows Donald Trump, Jeb Bush In Dead Heat.  [Category: POLITICS, Date: 2015-07-11]",POLITICS,2015-07-11,https://www.huffingtonpost.com/entry/donald-trump-jeb-bush-2016_n_7775390.html
"Getting 'The Bird' From a Bird. Filming with animals can be a lot more complicated than filming with people and it takes a lot more preparation than one might think.  One wants it to go well, so one can never be prepared enough. [Category: ENTERTAINMENT, Date: 2015-03-03]",ENTERTAINMENT,2015-03-03,https://www.huffingtonpost.com/entry/getting-the-bird-from-a-bird_b_6794938.html
"Bill Would Turn Veteran Bars Into Wellness Centers. ""When you look at some of the struggles our veterans are dealing with, the suicide rates, it just is common sense,"" says Rep. Glenn Thompson (R-Pa.). [Category: POLITICS, Date: 2015-11-10]",POLITICS,2015-11-10,https://www.huffingtonpost.com/entry/bill-vet-bars-wellness-centers_us_5640fd44e4b0307f2cae7610
"HuffPost Rise: What You Need To Know On June 9. Welcome to the HuffPost Rise Morning Newsbrief, a short wrap-up of the news to help you start your day. [Category: POLITICS, Date: 2016-06-09]",POLITICS,2016-06-09,https://www.huffingtonpost.com/entry/huffpost-rise-morning-newsbrief-june-9_us_575913a1e4b00f97fba74bfc
"Trump's Legacy: 2 Impeachments, An Insurrection, Countless Lies And Corruption. Donald Trump called everything he did, from his election to his trade deals, ""historic."" But his last months in office finally make that claim correct. [Category: POLITICS, Date: 2021-01-17]",POLITICS,2021-01-17,https://www.huffpost.com/entry/trump-legacy-impeachment-insurrection-lies-corruption_n_6001ff22c5b6efae62f88bd4
"This Sad Version Of The Toys R Us Jingle Will Hit You Where It Hurts. Sniff. [Category: BUSINESS, Date: 2018-03-16]",BUSINESS,2018-03-16,https://www.huffingtonpost.com/entry/toys-r-us-jingle-minor-key_us_5aab60b0e4b0337adf82a87b
"The Past, Neat or On The Rocks: Glenfiddich Recreates a Seminal Single Malt.  [Category: TASTE, Date: 2014-12-30]",TASTE,2014-12-30,https://www.huffingtonpost.com/entry/the-past-neat-or-on-the-r_b_6397172.html
"Federal Requests For Patient Info Raise Red Flags In States That Allow Medical Pot Use. ""With the anti-marijuana rhetoric coming from the Trump administration’s Department of Justice, you do have to wonder what the true motivation is here.” [Category: POLITICS, Date: 2017-09-12]",POLITICS,2017-09-12,https://www.huffingtonpost.com/entry/federal-requests-for-patient-info-raise-red-flags-in-states-that-allow-medical-pot-use_us_59b85c78e4b0edff97175dea
"Prep School Sexual Assault Convict Owen Labrie Sent To Prison. The case exposed a tradition of sexual abuse at the prestigious school. [Category: CRIME, Date: 2016-03-19]",CRIME,2016-03-19,https://www.huffingtonpost.com/entry/prep-school-owen-labrie-prison_us_56edaac2e4b084c672207223
"Bombs Kill At least 12, Wound Dozens At Pakistan Court. The attacks occurred hours after militants killed two people in a Christian neighborhood in the same region. [Category: THE WORLDPOST, Date: 2016-09-03]",THE WORLDPOST,2016-09-03,https://www.huffingtonpost.com/entry/pakistan-peshawar-bombings-christians_us_57cacea5e4b0a22de0963177
"'Max' Is a Weeper and a Keeper. ""Max"" is a family film, and it is all about the dog. This movie follows in a long line of dog movies such as ""Lassie,"" ""A Dog of Flanders,"" ""Old Yeller,"" ""Rin Tin Tin"" and many, many more. When you place the camera squarely on a four footed hairy creature who barks then you know chances are good you have yourself a hit. [Category: ENTERTAINMENT, Date: 2015-06-27]",ENTERTAINMENT,2015-06-27,https://www.huffingtonpost.com/entry/max-is-a-weeper-and-a-kee_b_7679676.html
"Privacy. In a recent essay in a New York Times column titled -- ironically, to my ear --""Private Lives,"" a woman discussed her ""virginity [Category: WELLNESS, Date: 2014-04-05]",WELLNESS,2014-04-05,https://www.huffingtonpost.com/entry/privacy_us_5b9df5c8e4b03a1dcc8f8eb2
"Katie Holmes Divorce: Suri And Mom Fly Commercial (VIDEO). Much has been made of the dissolution of Katie Holmes and Tom Cruises' 5-year marriage, but very few pundits guessed it might [Category: TRAVEL, Date: 2012-07-26]",TRAVEL,2012-07-26,https://www.huffingtonpost.com/entry/katie-holmes-divorce-suri_us_5b9c0c42e4b03a1dcc7bfe9b
"Dr. Pat Consults: Alzheimer's Disease Awareness Month. To help a patient talk to her sister about her health and risk of Alzheimer's, I've enlisted the advice of neurologist Joseph Safdieh. [Category: WELLNESS, Date: 2012-11-21]",WELLNESS,2012-11-21,https://www.huffingtonpost.com/entry/alzheimers-disease_us_5b9c894ee4b03a1dcc7f8fc2
"Check Cashiers, Banks Prepare for Paperless Future. HuffPost Live will be taking a comprehensive look at the persistence of poverty in America Aug. 29 and Sept. 5 from 12-4 [Category: MONEY, Date: 2012-08-29]",MONEY,2012-08-29,https://www.huffingtonpost.com/entry/check-cashiers-paperless-future_us_5b9c314fe4b03a1dcc7cfb2c
"Spider-Man Plays Pick-Up Basketball With Kids. Once again, Professor Live decided that if Spider-Man played basketball with some city kids, it'd be a blast. Guess what [Category: COMEDY, Date: 2013-09-01]",COMEDY,2013-09-01,https://www.huffingtonpost.com/entry/spider-man-pick-up-basketball_us_5bad27d4e4b04234e8575a78
"Saudi Arabia's Public Cinema Ban Lifts With A Showing Of 'Black Panther'. The push for public theaters is part of Crown Prince Mohammed bin Salman's larger package of economic and social reforms. [Category: WORLD NEWS, Date: 2018-04-19]",WORLD NEWS,2018-04-19,https://www.huffingtonpost.com/entry/saudi-arabia-black-panther-screening_us_5ad8e314e4b03c426dac7b99
"Melanie Brown, AKA 'Scary Spice,' Teaches Us Some Valuable Fashion Lessons (PHOTOS). Want more? Be sure to check out HuffPost Style on Twitter, Facebook, Tumblr, Pinterest and Instagram at @HuffPostStyle. See [Category: STYLE & BEAUTY, Date: 2013-05-29]",STYLE & BEAUTY,2013-05-29,https://www.huffingtonpost.com/entry/melanie-brown-scary-spice_us_5b9d32d9e4b03a1dcc856cdb
"Omarosa Manigault Newman Says She Was Shunned At 'Plantation' White House Because She Was Black. Now she's considering writing a tell-all book about it. [Category: POLITICS, Date: 2018-02-26]",POLITICS,2018-02-26,https://www.huffingtonpost.com/entry/omarosa-says-leaving-white-house-like-leaving-plantation_us_5a9389a1e4b03b55731d86a7
"Donald Trump Campaigns In Crucial Battleground Of Washington, D.C.. If you can call plugging his new hotel ""campaigning."" [Category: POLITICS, Date: 2016-10-26]",POLITICS,2016-10-26,https://www.huffingtonpost.com/entry/donald-trump-hotel-washington_us_5810ecdfe4b02b1d9e6441d4
"MIT Announces 'Action Plan' To Combat Global Warming. BOSTON (AP) -- The Massachusetts Institute of Technology announced a five-year plan Wednesday to combat climate change but [Category: COLLEGE, Date: 2015-10-21]",COLLEGE,2015-10-21,https://www.huffingtonpost.com/entry/mit-action-plan-global-warming_us_5627eb62e4b02f6a900f69dd
"James Corden Knows How To Make Donald Trump Face His Own Words. This is how everyone should interview the president. [Category: ENTERTAINMENT, Date: 2017-03-23]",ENTERTAINMENT,2017-03-23,https://www.huffingtonpost.com/entry/james-corden-has-a-carpool-karaoke-level-strategy-for-trump-interview_us_58d3cd42e4b0b22b0d1a4f26
"Congress Sends Trump Legislation For Disaster Aid And Debt Limit Increase. Trump is expected to promptly sign the measure into law. [Category: POLITICS, Date: 2017-09-08]",POLITICS,2017-09-08,https://www.huffingtonpost.com/entry/congress-sends-trump-legislation-for-disaster-aid-and-debt-limit-increase_us_59b2addce4b0dfaafcf79700
"Ryan Murphy's Inclusive, History-Making Series 'Pose' Hits FX Next Summer. The '80s-themed musical boasts a record number of trans series regulars for a scripted show. [Category: QUEER VOICES, Date: 2017-12-27]",QUEER VOICES,2017-12-27,https://www.huffingtonpost.com/entry/ryan-murphy-pose-fx_us_5a441d68e4b025f99e198fcb
"Mike Huckabee Suspends 2016 Presidential Campaign. He entered the race May 5. [Category: POLITICS, Date: 2016-02-02]",POLITICS,2016-02-02,https://www.huffingtonpost.com/entry/mike-huckabee-2016_us_560bf437e4b0768126fff8de
